<?xml version="1.0" encoding="UTF-8" standalone="yes"?>
<data>
	<!-- <item id="10000" name="刘备" res="资源" headIcon="头像" career="职业 1  2  3军师  4炮手" weight="权重" rare="品质" skill="技能ID" lv="1" blood="429" atk="86" groupRange="群体伤害范围害范围伤害范围害范围" groupRange="80" atkRange="135"  def="3" armor="2" hit="0.9" dodge="0" strike="0.1" strikeHurt="2" lucky="0" speed="1" atkSpace="100"  longRange="0" chase="0" lvBonus="0.2" starBonus="0.4" info="惟贤惟德，仁服于人，以德服人，蜀将何在？！"/> -->
	<item id="10014" name="程远志" res="chengyuanzhi" headIcon="10014" career="1" weight="50" rare="1" skill="10020" lv="1" blood="500" atk="147" groupRange="80" atkRange="100" def="49" armor="4" hit="0.9" dodge="0" strike="0.3" strikeHurt="2" lucky="0" speed="1" atkSpace="1" longRange="0" chase="0" lvBonus="0.2" starBonus="0.6" info="我只是个打酱油的，你…你…是非洲人吧，脸怎么这么黑~"/>
	<item id="10015" name="张宝" res="zhangbao" headIcon="10015" career="1" weight="50" rare="1" skill="10003" lv="1" blood="500" atk="147" groupRange="80" atkRange="100" def="49" armor="4" hit="0.9" dodge="0" strike="0.3" strikeHurt="2" lucky="0" speed="1" atkSpace="1" longRange="0" chase="0" lvBonus="0.2" starBonus="0.6" info="抽到我了吧，非洲人，哈哈哈哈"/>
	<item id="10016" name="张梁" res="zhangliang" headIcon="10016" career="1" weight="50" rare="1" skill="10011" lv="1" blood="500" atk="147" groupRange="80" atkRange="110" def="49" armor="4" hit="0.9" dodge="0" strike="0.3" strikeHurt="2" lucky="0" speed="1" atkSpace="1" longRange="0" chase="0" lvBonus="0.2" starBonus="0.6" info="我只是个打酱油的~"/>
	<item id="10040" name="裴元绍" res="peiyuanshao" headIcon="10040" career="2" weight="50" rare="1" skill="10053" lv="1" blood="250" atk="95" groupRange="80" atkRange="150" def="32" armor="4" hit="0.9" dodge="0" strike="0.3" strikeHurt="2" lucky="0" speed="1" atkSpace="0.65" longRange="0" chase="0" lvBonus="0.2" starBonus="0.6" info="小黄巾也有大理想！黄巾四兄弟，谁用谁知道。"/>
	<item id="10009" name="陈宫" res="chengong" headIcon="10009" career="4" weight="50" rare="2" skill="10027" lv="1" blood="330" atk="110" groupRange="80" atkRange="160" def="37" armor="4" hit="0.9" dodge="0" strike="0.3" strikeHurt="2" lucky="0" speed="1" atkSpace="1.2" longRange="0" chase="0" lvBonus="0.2" starBonus="0.6" info="如今之计，唯有退守，再做决断！若吾早知如此~"/>
	<item id="10017" name="高顺" res="gaoshun" headIcon="10017" career="1" weight="50" rare="2" skill="10008" lv="1" blood="600" atk="196" groupRange="80" atkRange="130" def="65" armor="4" hit="0.9" dodge="0" strike="0.3" strikeHurt="2" lucky="0" speed="1" atkSpace="1" longRange="0" chase="0" lvBonus="0.2" starBonus="0.6" info="攻无不克战无不胜！破阵斩将，易如反掌！"/>
	<item id="10018" name="郭汜" res="guosi" headIcon="10018" career="2" weight="50" rare="2" skill="10025" lv="1" blood="275" atk="130" groupRange="80" atkRange="180" def="43" armor="4" hit="0.9" dodge="0" strike="0.3" strikeHurt="2" lucky="0" speed="1" atkSpace="0.65" longRange="0" chase="0" lvBonus="0.2" starBonus="0.6" info="没想到吧，又是我"/>
	<item id="10019" name="李傕" res="lijue" headIcon="10019" career="1" weight="50" rare="2" skill="10021" lv="1" blood="600" atk="196" groupRange="80" atkRange="130" def="65" armor="4" hit="0.9" dodge="0" strike="0.3" strikeHurt="2" lucky="0" speed="1" atkSpace="1" longRange="0" chase="0" lvBonus="0.2" starBonus="0.6" info="你~能逃得出我的手掌心吗"/>
	<item id="10020" name="臧霸" res="zangba" headIcon="10020" career="1" weight="50" rare="2" skill="10022" lv="1" blood="600" atk="196" groupRange="80" atkRange="130" def="65" armor="4" hit="0.9" dodge="0" strike="0.3" strikeHurt="2" lucky="0" speed="1" atkSpace="1" longRange="0" chase="0" lvBonus="0.2" starBonus="0.6" info="霸必奋勇杀敌,以血夷陵之耻!/"/>
	<item id="10023" name="沮授" res="jushou" headIcon="10023" career="4" weight="50" rare="2" skill="10024" lv="1" blood="330" atk="110" groupRange="80" atkRange="155" def="37" armor="4" hit="0.9" dodge="0" strike="0.3" strikeHurt="2" lucky="0" speed="1" atkSpace="2" longRange="0" chase="0" lvBonus="0.2" starBonus="0.6" info="事需缓图,欲速不达也!由缓至急,循循而进! 命系袁氏,一心向北!"/>
	<item id="19999" name="包大人" res="baodaren" headIcon="19999" career="1" weight="50" rare="2" skill="10018" lv="1" blood="600" atk="196" groupRange="80" atkRange="120" def="65" armor="4" hit="0.9" dodge="0" strike="0.3" strikeHurt="2" lucky="0" speed="1" atkSpace="1" longRange="0" chase="0" lvBonus="0.2" starBonus="0.6" info="肉包子，菜包子，鸡蛋包子，老板你要什么馅" expId="1000"/>
	<item id="10010" name="华雄" res="huaxiong" headIcon="10010" career="1" weight="30" rare="3" skill="10005" lv="1" blood="700" atk="231" groupRange="80" atkRange="120" def="77" armor="4" hit="0.9" dodge="0" strike="0.3" strikeHurt="2" lucky="0" speed="1" atkSpace="1" longRange="0" chase="0" lvBonus="0.2" starBonus="1" info="别人都没马，我有马，有马就会被斩于马下吗？"/>
	<item id="10025" name="辛宪英" res="xinxianying" headIcon="10025" career="2" weight="30" rare="3" skill="10023" lv="1" blood="330" atk="160" groupRange="80" atkRange="220" def="50" armor="4" hit="0.9" dodge="0" strike="0.3" strikeHurt="2" lucky="0" speed="1" atkSpace="0.65" longRange="0" chase="0" lvBonus="0.2" starBonus="1" info="你在叫我吗？小心你的小心脏哦~哒哒哒嗒嗒嗒。"/>
	<item id="10026" name="文丑" res="wenchou" headIcon="10026" career="3" weight="30" rare="3" skill="10002" lv="1" blood="330" atk="135" groupRange="80" atkRange="200" def="45" armor="4" hit="0.9" dodge="0" strike="0.3" strikeHurt="2" lucky="0" speed="1" atkSpace="1" longRange="0" chase="0" lvBonus="0.2" starBonus="1" info="吾们乃河北上将文丑是也,快来与我等决一死战！"/>
	<item id="10027" name="夏侯渊" res="xiahouyuan" headIcon="10027" career="3" weight="30" rare="3" skill="10017" lv="1" blood="330" atk="135" groupRange="80" atkRange="200" def="45" armor="4" hit="0.9" dodge="0" strike="0.3" strikeHurt="2" lucky="0" speed="1" atkSpace="0.65" longRange="0" chase="0" lvBonus="0.2" starBonus="1" info="孤善于千里袭人！取汝首级犹如探囊取物！你竟然……比我……还快~"/>
	<item id="10029" name="颜良" res="yanliang" headIcon="10029" career="1" weight="30" rare="3" skill="10013" lv="1" blood="800" atk="231" groupRange="80" atkRange="150" def="77" armor="4" hit="0.9" dodge="0" strike="0.3" strikeHurt="2" lucky="0" speed="1" atkSpace="1" longRange="0" chase="0" lvBonus="0.2" starBonus="1" info="吾们乃河北上将颜良是也,快来与我等决一死战！"/>
	<item id="10030" name="袁绍" res="yuanshao" headIcon="10030" career="1" weight="30" rare="3" skill="10007" lv="1" blood="800" atk="231" groupRange="80" atkRange="135" def="77" armor="4" hit="0.9" dodge="0" strike="0.3" strikeHurt="2" lucky="0" speed="1" atkSpace="1" longRange="0" chase="0" lvBonus="0.2" starBonus="1" info="袁氏富二代，咱家就是有钱！"/>
	<item id="10034" name="程普" res="chengpu" headIcon="10034" career="1" weight="30" rare="3" skill="10006" lv="1" blood="800" atk="231" groupRange="80" atkRange="190" def="77" armor="4" hit="0.9" dodge="0" strike="0.3" strikeHurt="2" lucky="0" speed="1" atkSpace="1" longRange="0" chase="0" lvBonus="0.2" starBonus="1" info="帐中不可无酒啊！干了这杯，小英雄！"/>
	<item id="10043" name="黄盖" res="huanggai" headIcon="10043" career="1" weight="30" rare="3" skill="10056" lv="1" blood="800" atk="231" groupRange="80" atkRange="190" def="77" armor="4" hit="0.9" dodge="0" strike="0.3" strikeHurt="2" lucky="0" speed="1" atkSpace="1" longRange="0" chase="0" lvBonus="0.2" starBonus="1" info="请鞭打我吧,公瑾!好基友一起走！"/>
	<item id="10035" name="韩当" res="handang" headIcon="10035" career="3" weight="30" rare="3" skill="10004" lv="1" blood="330" atk="135" groupRange="80" atkRange="190" def="45" armor="4" hit="0.9" dodge="0" strike="0.3" strikeHurt="2" lucky="0" speed="1" atkSpace="1.2" longRange="0" chase="0" lvBonus="0.2" starBonus="1" info="吃我一炮！哦哈哈哈哈哈哈！"/>
	<item id="10000" name="刘备" res="liubei" headIcon="10000" career="1" weight="2" rare="4" skill="10028" lv="1" blood="1000" atk="283" groupRange="80" atkRange="140" def="94" armor="2" hit="0.9" dodge="0" strike="0.1" strikeHurt="2" lucky="0" speed="1" atkSpace="1" longRange="0" chase="0" lvBonus="0.3" starBonus="1.5" info="惟贤惟德，仁服于人，以德服人，蜀将何在？！"/>
	<item id="10001" name="关羽" res="guanyu" headIcon="10001" career="3" weight="0.001" rare="4" skill="10030" lv="1" blood="1000" atk="283" groupRange="80" atkRange="180" def="94" armor="3" hit="0.9" dodge="0" strike="0.3" strikeHurt="2" lucky="0" speed="1" atkSpace="0.65" longRange="0" chase="0" lvBonus="0.3" starBonus="1.5" info="把眼光从二爷的绿帽子上移开！"/>
	<item id="10002" name="张飞" res="zhangfei" headIcon="10002" career="1" weight="2" rare="4" skill="10009" lv="1" blood="1000" atk="283" groupRange="80" atkRange="160" def="94" armor="2" hit="0.9" dodge="0" strike="0.3" strikeHurt="2" lucky="0" speed="1" atkSpace="1" longRange="0" chase="0" lvBonus="0.3" starBonus="1.5" info="啊啊~！ 燕人张飞在此！！！"/>
	<item id="10004" name="张角" res="zhangjiao" headIcon="10004" career="4" weight="2" rare="4" skill="10031" lv="1" blood="643" atk="172" groupRange="80" atkRange="230" def="57" armor="4" hit="0.9" dodge="0" strike="0.3" strikeHurt="2" lucky="0" speed="1" atkSpace="0.65" longRange="0" chase="0" lvBonus="0.3" starBonus="1.5" info="苍天已死，黄天当立，岁在甲子天下大吉"/>
	<item id="10005" name="董卓" res="dongzhuo" headIcon="10005" career="1" weight="2" rare="4" skill="10048" lv="1" blood="1000" atk="283" groupRange="80" atkRange="170" def="94" armor="4" hit="0.9" dodge="0" strike="0.3" strikeHurt="2" lucky="0" speed="1" atkSpace="1" longRange="0" chase="0" lvBonus="0.3" starBonus="1.5" info="顺我者昌，逆我者亡！哎！我是不是该减肥了？"/>
	<item id="10006" name="曹操" res="caocao" headIcon="10006" career="1" weight="1" rare="4" skill="10037" lv="1" blood="1000" atk="283" groupRange="80" atkRange="130" def="94" armor="4" hit="0.9" dodge="0" strike="0.3" strikeHurt="2" lucky="0" speed="1" atkSpace="1" longRange="0" chase="0" lvBonus="0.3" starBonus="1.5" info="山不厌高，海不厌深，骚年，丞相带你开车！"/>
	<item id="10007" name="典韦" res="dianwei" headIcon="10007" career="1" weight="0" rare="4" skill="10029" lv="1" blood="1000" atk="283" groupRange="80" atkRange="140" def="94" armor="4" hit="0.9" dodge="0" strike="0.3" strikeHurt="2" lucky="0" speed="1" atkSpace="1" longRange="0" chase="0" lvBonus="0.3" starBonus="1.5" info="吃我一戟！看我三步之内取你小命！主公，快走"/>
	<item id="10008" name="夏侯惇" res="xiahoudun" headIcon="10008" career="1" weight="2" rare="4" skill="10012" lv="1" blood="1000" atk="283" groupRange="80" atkRange="140" def="94" armor="4" hit="0.9" dodge="0" strike="0.3" strikeHurt="2" lucky="0" speed="1" atkSpace="1" longRange="0" chase="0" lvBonus="0.3" starBonus="1.5" info="鼠辈,竟然伤我！以彼之道，还施彼身！"/>
	<item id="10011" name="太史慈" res="taishici" headIcon="10011" career="2" weight="2" rare="4" skill="10038" lv="1" blood="429" atk="185" groupRange="80" atkRange="260" def="62" armor="4" hit="0.9" dodge="0" strike="0.3" strikeHurt="2" lucky="0" speed="1" atkSpace="0.65" longRange="0" chase="0" lvBonus="0.3" starBonus="1.5" info="大丈夫当带三尺之剑，立不世之功，我当要替天行道！请助我一臂之力！"/>
	<item id="10012" name="孙坚" res="sunjian" headIcon="10012" career="1" weight="2" rare="4" skill="10016" lv="1" blood="1000" atk="283" groupRange="80" atkRange="170" def="94" armor="4" hit="0.9" dodge="0" strike="0.3" strikeHurt="2" lucky="0" speed="1" atkSpace="1" longRange="0" chase="0" lvBonus="0.3" starBonus="1.5" info="不诛此贼三族！则~吾死不瞑目！以吾魂魄，保佑吾儿之基业"/>
	<item id="10021" name="张辽" res="zhangliao" headIcon="10021" career="1" weight="2" rare="4" skill="10033" lv="1" blood="1000" atk="283" groupRange="80" atkRange="160" def="94" armor="4" hit="0.9" dodge="0" strike="0.3" strikeHurt="2" lucky="0" speed="1" atkSpace="1" longRange="0" chase="0" lvBonus="0.3" starBonus="1.5" info="没想到吧？！抽到我了，快马突袭，占尽先机！"/>
	<item id="10022" name="曹仁" res="caoren" headIcon="10022" career="1" weight="2" rare="4" skill="10001" lv="1" blood="1000" atk="283" groupRange="80" atkRange="150" def="94" armor="4" hit="0.9" dodge="0" strike="0.3" strikeHurt="2" lucky="0" speed="1" atkSpace="1" longRange="0" chase="0" lvBonus="0.3" starBonus="1.5" info="起兵列阵，准备突围！休整片刻，待我杀出一条血路！"/>
	<item id="10024" name="鲁肃" res="lusu" headIcon="10024" career="4" weight="2" rare="4" skill="10035" lv="1" blood="643" atk="172" groupRange="80" atkRange="235" def="57" armor="4" hit="0.9" dodge="0" strike="0.3" strikeHurt="2" lucky="0" speed="1" atkSpace="0.65" longRange="0" chase="0" lvBonus="0.3" starBonus="1.5" info="拿去拿去，莫跟哥哥客气！来来来，见面分一半，以和为贵"/>
	<item id="10028" name="许褚" res="xuchu" headIcon="10028" career="1" weight="0.001" rare="4" skill="10032" lv="1" blood="1000" atk="283" groupRange="80" atkRange="145" def="94" armor="4" hit="0.9" dodge="0" strike="0.3" strikeHurt="2" lucky="0" speed="1" atkSpace="1" longRange="0" chase="0" lvBonus="0.3" starBonus="1.5" info="吾乃食量天下第一，谁来和我大战300回合！"/>
	<item id="10031" name="张颌" res="zhanghe" headIcon="10031" career="1" weight="2" rare="4" skill="10014" lv="1" blood="1000" atk="283" groupRange="80" atkRange="145" def="94" armor="4" hit="0.9" dodge="0" strike="0.3" strikeHurt="2" lucky="0" speed="1" atkSpace="1" longRange="0" chase="0" lvBonus="0.3" starBonus="1.5" info="行军打仗，需要随机应变。统帅三军，怎能不识变数。一天一个发型，帅~"/>
	<item id="10032" name="甄姬" res="zhenji" headIcon="10032" career="4" weight="2" rare="4" skill="10036" lv="1" blood="643" atk="172" groupRange="80" atkRange="230" def="57" armor="4" hit="0.9" dodge="0" strike="0.3" strikeHurt="2" lucky="0" speed="1" atkSpace="0.65" longRange="0" chase="0" lvBonus="0.3" starBonus="1.5" info="仿佛兮若轻云之蔽月，飘飘兮若流风之回雪~"/>
	<item id="10036" name="孙尚香" res="sunshangxiang" headIcon="10036" career="3" weight="0.01" rare="4" skill="10049" lv="1" blood="1000" atk="172" groupRange="80" atkRange="250" def="57" armor="4" hit="0.9" dodge="0" strike="0.3" strikeHurt="2" lucky="0" speed="1" atkSpace="0.65" longRange="0" chase="0" lvBonus="0.3" starBonus="1.5" info="送你一个轰轰烈烈的退场，感谢本小姐的大恩大德吧！"/>
	<item id="10033" name="孙权" res="sunquan" headIcon="10033" career="1" weight="1" rare="4" skill="10015" lv="1" blood="1000" atk="283" groupRange="80" atkRange="150" def="94" armor="4" hit="0.9" dodge="0" strike="0.3" strikeHurt="2" lucky="0" speed="1" atkSpace="0.65" longRange="0" chase="0" lvBonus="0.3" starBonus="1.5" info="千古江山，英雄无觅，江东子弟颜值最高！"/>
	<item id="10042" name="马超" res="machao" headIcon="10042" career="1" weight="1" rare="4" skill="10055" lv="1" blood="1000" atk="283" groupRange="80" atkRange="155" def="94" armor="4" hit="0.9" dodge="0" strike="0.3" strikeHurt="2" lucky="0" speed="1" atkSpace="0.65" longRange="0" chase="0" lvBonus="0.3" starBonus="1.5" info="西凉铁骑何在？随我一起冲锋陷阵！"/>
	<item id="10041" name="黄忠" res="huangzhong" headIcon="10041" career="2" weight="0.001" rare="4" skill="10054" lv="1" blood="429" atk="190" groupRange="80" atkRange="265" def="63" armor="4" hit="0.9" dodge="0" strike="0.3" strikeHurt="2" lucky="0" speed="1" atkSpace="0.65" longRange="0" chase="0" lvBonus="0.3" starBonus="1.5" info="百步之内，取敌将项上人头，如囊中取物！"/>
	<item id="10039" name="赵云" res="zhaoyun" headIcon="10039" career="1" weight="0.5" rare="4" skill="10052" lv="1" blood="1000" atk="283" groupRange="80" atkRange="155" def="94" armor="4" hit="0.9" dodge="0" strike="0.3" strikeHurt="2" lucky="0" speed="1" atkSpace="0.65" longRange="0" chase="0" lvBonus="0.3" starBonus="1.5" info="前方纵有千万军，难当我常山赵子龙一人！"/>
	<item id="10003" name="吕布" res="lvbu" headIcon="10003" career="1" weight="0.2" rare="5" skill="10000" lv="1" blood="1200" atk="322" groupRange="80" atkRange="180" def="107" armor="2" hit="0.9" dodge="0" strike="0.4" strikeHurt="2" lucky="0" speed="1" atkSpace="0.65" longRange="0" chase="0" lvBonus="0.4" starBonus="2" info="谁能挡我？！神挡杀神，佛挡杀佛！"/>
	<item id="10013" name="孙策" res="sunce" headIcon="10013" career="1" weight="0.2" rare="5" skill="10046" lv="1" blood="1200" atk="315" groupRange="80" atkRange="150" def="105" armor="4" hit="0.9" dodge="0" strike="0.3" strikeHurt="2" lucky="0" speed="1" atkSpace="1" longRange="0" chase="0" lvBonus="0.4" starBonus="2" info="吾乃江东小霸王孙伯符，江东子弟，何惧于天下，是友是敌，一探便知。"/>
	<item id="10037" name="周瑜" res="zhouyu" headIcon="10037" career="3" weight="0" rare="5" skill="10050" lv="1" blood="1300" atk="400" groupRange="80" atkRange="295" def="67" armor="4" hit="0.9" dodge="0" strike="0.3" strikeHurt="2" lucky="0" speed="1" atkSpace="0.5" longRange="0" chase="0" lvBonus="0.4" starBonus="2" info="努力有用的话，还要天才干什么？哈哈哈哈！"/>
	<item id="10038" name="诸葛亮" res="zhugeliang" headIcon="10038" career="4" weight="0" rare="5" skill="10051" lv="1" blood="1500" atk="420" groupRange="80" atkRange="300" def="70" armor="4" hit="0.9" dodge="0" strike="0.4" strikeHurt="2" lucky="0" speed="1" atkSpace="0.5" longRange="0" chase="0" lvBonus="0.4" starBonus="2" info="人生如棋，一步三算。运筹帷幄之中 决胜千里之外！"/>
	<item id="10044" name="小乔" res="xiaoqiao" headIcon="10044" career="4" weight="0" rare="5" skill="10057" lv="1" blood="1000" atk="350" groupRange="100" atkRange="300" def="70" armor="4" hit="0.9" dodge="0" strike="0.4" strikeHurt="2" lucky="0" speed="1" atkSpace="0.85" longRange="0" chase="0" lvBonus="0.4" starBonus="2" info="你不是孤单一个人，恋爱和战斗都要勇往直前。"/>	
</data>