<?xml version="1.0" encoding="UTF-8"?>
<data>
	<!-- <item id="物品id" name="物品" type="物品类型 0道具 1礼包 2装备 3武将碎片 4装备碎片 5收集品 6随机礼包" fusionNum="合成目标物品所需数量"
	 	fusionId="所能合成的物品ID"career="职业限制" useLv="等级限制" price="出售价格 0为不可出售"
	 	 attr="礼包内容 物品ID,数量|属性ID,数量   随机礼包还需要加概率  ID,数量,概率  概率值为0-100，概率值之和必需为100，否则可能出现没抽中的问题"
	 	 overlay="是否可叠加，1为可叠加 0不可"  strike="是否有暴击，1有 0无 有则有概率出现2，4，10倍的奖励 对应的概率为0.6，0.3，0.1" info="物品描述"
	 	attr="物品所对应的属性功能和数值"
	 	parts="合成所城物品ID和数量"  /> -->	
	<item id="100001" name="小粮草" icon="100001" type="1" career="0" useLv="1" price="100" overlay="1" info="补给品，使用后获得粮草15点。" attr="28,15"/>
	<item id="100002" name="大粮草" icon="100002" type="1" career="0" useLv="1" price="100" overlay="1" info="补给品，使用后获得粮草30点。" attr="28,30"/>
	<item id="100003" name="装备强化石" icon="100003" type="0" career="0" useLv="1" price="100" overlay="1" info="用于强化装备，提升装备强化等级的必备道具。"/>
	<item id="100004" name="高级强化石" icon="100004" type="0" career="0" useLv="1" price="500" overlay="1" info="用于强化红色装备，提升红色装备强化等级的必备道具。"/>
	<item id="100005" name="小钱袋" icon="100005" type="1" career="0" useLv="1" price="100" overlay="1" info="打开可获得5000两银两" attr="11,5000"/>
	<item id="100006" name="中钱袋" icon="100006" type="1" career="0" useLv="1" price="100" overlay="1" info="打开可获得20000两银两" attr="11,20000"/>
	<item id="100007" name="大钱袋" icon="100007" type="1" career="0" useLv="1" price="100" overlay="1" info="打开可获得100000两银两" attr="11,100000"/>
	<item id="100008" name="普通英雄帖" icon="100008" type="0" career="0" useLv="1" price="100" overlay="1" info="用于招募武将，四处打探，可召唤B~A武将。~"/>
	<item id="100009" name="精英英雄帖" icon="100009" type="0" career="0" useLv="1" price="100" overlay="1" info="用于招募武将，煮酒英雄，可召唤B~SR武将。"/>
	<item id="100010" name="传说英雄帖" icon="100010" type="0" career="0" useLv="1" price="100" overlay="1" info="用于招募武将，三顾茅庐，可召唤A~SSR武将。"/>
	
	<item id="100026" name="精炼神石" icon="100026" type="0" career="0" useLv="1" price="100" overlay="1" info="用于精炼装备和宝物，提升精炼等级的必备道具。"/>
	<item id="100027" name="高级精炼神石" icon="100027" type="0" career="0" useLv="1" price="100" overlay="1" info="用于精炼高级装备和高级宝物，提升精炼等级的必备道具。"/>	
	
	
	
    <item id="100098" name="经验小黄书" icon="100098" type="1" career="0" useLv="1" price="1000" overlay="1" info="关羽手里拿的小黄书，使用后增加主公经验2000" attr="13,2000"/> 
    <item id="100099" name="黄金元宝" icon="100099" type="1" career="0" useLv="1" price="1000" overlay="1" info="亮晶晶的黄金，使用后获得10元宝！" attr="12,10"/> 
    
	<item id="100015" name="宝物强化石" icon="100015" type="0" career="0" useLv="1" price="100" overlay="1" info="用于强化宝物，提升宝物强化等级的必备道具。"/>
	<item id="100016" name="宝物精炼石" icon="100016" type="0" career="0" useLv="1" price="100" overlay="1" info="用于强化红色宝物，提升宝物强化等级的必备道具。"/>
	<!-- 扫荡令ID已写死在代码中，不可更改 -->
	<item id="101000" name="扫荡令" icon="100011" type="0" career="0" useLv="1" price="100" overlay="1" info="可以进行一次扫荡，扫荡需要先挑战通过S级"/>
	<!-- 幸运钥匙ID已写死在代码中，不可更改 -->
	<item id="101001" name="七夕玫瑰" icon="101001" type="0" career="0" useLv="1" price="100" overlay="1" info="七夕专属玫瑰，在七夕活动中赠送给小乔可或等丰厚的奖励。"/>	
	<item id="101002" name="玫瑰碎片" icon="101002" type="4" career="0" useLv="1" price="100" overlay="1" info="七夕玫瑰花的碎片，收集5个可合成七夕玫瑰。" fusionNum="5" fusionId="101001"/>		
	<!-- 装备宝箱 -->		
	<item id="100012" name="随机蓝色装备碎片" icon="100012" type="4" career="0" useLv="1" price="100" overlay="1" info="收集10个可合成蓝色装备宝箱！" fusionNum="10" fusionId="100017"/>
	<item id="100013" name="随机紫色装备碎片" icon="100013" type="4" career="0" useLv="1" price="100" overlay="1" info="收集20个可合成紫色装备宝箱！" fusionNum="20" fusionId="100018"/>
	<item id="100014" name="随机橙色装备碎片" icon="100014" type="4" career="0" useLv="1" price="100" overlay="1" info="收集25个可合成橙色装备宝箱！" fusionNum="25" fusionId="100019"/>

	<item id="100017" name="随机蓝色装备宝箱" icon="100017" type="6" career="0" useLv="1" price="100" overlay="1" info="使用后随机获得1个蓝色装备" attr="200017,1,10|200018,1,10|200019,1,20|200020,1,10|200021,1,10|200022,1,10|200023,1,10|200024,1,20" />
	<item id="100018" name="随机紫色装备宝箱" icon="100018" type="6" career="0" useLv="1" price="100" overlay="1" info="使用后随机获得1个紫色装备" attr="200025,1,20|200026,1,10|200027,1,10|200028,1,10|200029,1,10|200030,1,10|200031,1,10|200032,1,20" />
	<item id="100019" name="随机橙色装备宝箱" icon="100019" type="6" career="0" useLv="1" price="100" overlay="1" info="使用后随机获得1个橙色装备" attr="200033,1,20|200034,1,10|200035,1,10|200036,1,10|200037,1,10|200038,1,10|200039,1,20|200040,1,10" />

	<item id="100020" name="S随机武将碎片" icon="100020" type="3" career="0" useLv="1" price="100" overlay="1" info="收集25个可合成S武将卡包！" fusionNum="25" fusionId="100023" />	
	<item id="100021" name="SR随机武将碎片" icon="100021" type="3" career="0" useLv="1" price="100" overlay="1" info="收集50个可合成SR武将卡包！" fusionNum="50" fusionId="100024"/>
	<item id="100022" name="SSR随机武将碎片" icon="100022" type="3" career="0" useLv="1" price="100" overlay="1" info="收集80个可合成SSR武将卡包！" fusionNum="80" fusionId="100025" />
	<item id="100023" name="S随机武将卡包" icon="100023" type="6" career="0" useLv="1" price="100" overlay="1" info="使用后随机获得S武将1个" attr="160010,1,20|160025,1,10|160026,1,20|160027,1,10|160029,1,10|160030,1,10|160034,1,10|160035,1,10"/>
	<item id="100024" name="SR随机武将卡包" icon="100024" type="6" career="0" useLv="1" price="100" overlay="1" info="使用后随机获得SR武将1个"attr="160000,1,10|160001,1,10|160002,1,10|160003,1,10|160004,1,10|160005,1,10|160006,1,10|160007,1,10|160008,1,10|160011,1,10|160012,1,10|160021,1,10|160022,1,10|160024,1,10|160028,1,10|160031,1,10|160032,1,10|160033,1,10|160039,1,10|160041,1,10|160042,1,10"  />
	<item id="100025" name="SSR随机武将卡包" icon="100025" type="6" career="0" useLv="1" price="100" overlay="1" info="使用后随机获得SSR武将1个"attr="160013,1,50|160003,1,50|160038,1,1" /> 
	<!-- 新手大礼包 -->
	<item id="102000" name="新手大礼包LV1" icon="102000" type="1" career="0" useLv="1" price="100" overlay="1" attr="100001,1|100005,1|100009,1" info="赠送新手的大礼包，玩家等级1可以打开，使用后可获得：小粮草X1、小钱袋X1、精英英雄帖X1。"/>
	<item id="102001" name="新手大礼包LV10" icon="102000" type="1" career="0" useLv="10" price="100" overlay="1" info="赠送新手的大礼包，玩家等级1可以打开，使用后可获得：小粮草X1、小钱袋X1、精英英雄帖X1。"/>
	<item id="102002" name="新手大礼包LV20" icon="102000" type="1" career="0" useLv="20" price="100" overlay="1" info="赠送新手的大礼包，玩家等级1可以打开，使用后可获得：小粮草X1、小钱袋X1、精英英雄帖X1。"/>
	<item id="102003" name="新手大礼包LV30" icon="102000" type="1" career="0" useLv="30" price="100" overlay="1" info="赠送新手的大礼包，玩家等级1可以打开，使用后可获得：小粮草X1、小钱袋X1、精英英雄帖X1。"/>
	<item id="102004" name="新手大礼包LV40" icon="102000" type="1" career="0" useLv="40" price="100" overlay="1" info="赠送新手的大礼包，玩家等级1可以打开，使用后可获得：小粮草X1、小钱袋X1、精英英雄帖X1。"/>		
	<item id="102005" name="新手大礼包LV50" icon="102000" type="1" career="0" useLv="50" price="100" overlay="1" info="赠送新手的大礼包，玩家等级1可以打开，使用后可获得：小粮草X1、小钱袋X1、精英英雄帖X1。"/>

	<!-- 装备碎片，蓝色装备以上才有碎片 -->
	<item id="120017" name="银月剑刃碎片" icon="120017" type="4" career="0" useLv="1" price="100" overlay="1" info="用于合成银月剑刃的装备碎片，收集10个碎片可以合成。" fusionNum="10" fusionId="200017"/>
	<item id="120018" name="银月战靴碎片" icon="120018" type="4" career="0" useLv="1" price="100" overlay="1" info="用于合成银月战靴的装备碎片，收集10个碎片可以合成。" fusionNum="10" fusionId="200018"/>
	<item id="120019" name="银月头盔碎片" icon="120019" type="4" career="0" useLv="1" price="100" overlay="1" info="用于合成银月头盔的装备碎片，收集10个碎片可以合成。" fusionNum="10" fusionId="200019"/>
	<item id="120020" name="银月铠甲碎片" icon="120020" type="4" career="0" useLv="1" price="100" overlay="1" info="用于合成银月铠甲的装备碎片，收集10个碎片可以合成。" fusionNum="10" fusionId="200020"/>
	<item id="120021" name="锦绸羽弓碎片" icon="120021" type="4" career="0" useLv="1" price="100" overlay="1" info="用于合成锦绸羽弓的装备碎片，收集10个碎片可以合成。" fusionNum="10" fusionId="200021"/>
	<item id="120022" name="锦绸战靴碎片" icon="120022" type="4" career="0" useLv="1" price="100" overlay="1" info="用于合成锦绸战靴的装备碎片，收集10个碎片可以合成。" fusionNum="10" fusionId="200022"/>
	<item id="120023" name="锦绸头巾碎片" icon="120023" type="4" career="0" useLv="1" price="100" overlay="1" info="用于合成锦绸头巾的装备碎片，收集10个碎片可以合成。" fusionNum="10" fusionId="200023"/>
	<item id="120024" name="锦绸羽衣碎片" icon="120024" type="4" career="0" useLv="1" price="100" overlay="1" info="用于合成锦绸羽衣的装备碎片，收集10个碎片可以合成。" fusionNum="10" fusionId="200024"/>
	<item id="120025" name="贪狼战斧碎片" icon="120025" type="4" career="0" useLv="1" price="100" overlay="1" info="用于合成贪狼战斧的装备碎片，收集20个碎片可以合成。" fusionNum="20" fusionId="200025"/>
	<item id="120026" name="贪狼战靴碎片" icon="120026" type="4" career="0" useLv="1" price="100" overlay="1" info="用于合成贪狼战靴的装备碎片，收集20个碎片可以合成。" fusionNum="20" fusionId="200026"/>
	<item id="120027" name="贪狼头盔碎片" icon="120027" type="4" career="0" useLv="1" price="100" overlay="1" info="用于合成贪狼头盔的装备碎片，收集20个碎片可以合成。" fusionNum="20" fusionId="200027"/>
	<item id="120028" name="贪狼铠甲碎片" icon="120028" type="4" career="0" useLv="1" price="100" overlay="1" info="用于合成贪狼铠甲的装备碎片，收集20个碎片可以合成。" fusionNum="20" fusionId="200028"/>
	<item id="120029" name="炎鹰法杖碎片" icon="120029" type="4" career="0" useLv="1" price="100" overlay="1" info="用于合成炎鹰法杖的装备碎片，收集20个碎片可以合成。" fusionNum="20" fusionId="200029"/>
	<item id="120030" name="炎鹰战靴碎片" icon="120030" type="4" career="0" useLv="1" price="100" overlay="1" info="用于合成炎鹰战靴的装备碎片，收集20个碎片可以合成。" fusionNum="20" fusionId="200030"/>
	<item id="120031" name="炎鹰头巾碎片" icon="120031" type="4" career="0" useLv="1" price="100" overlay="1" info="用于合成炎鹰头巾的装备碎片，收集20个碎片可以合成。" fusionNum="20" fusionId="200031"/>
	<item id="120032" name="炎鹰羽衣碎片" icon="120032" type="4" career="0" useLv="1" price="100" overlay="1" info="用于合成炎鹰羽衣的装备碎片，收集20个碎片可以合成。" fusionNum="20" fusionId="200032"/>

	<item id="120033" name="战龙宝剑碎片" icon="120033" type="4" career="0" useLv="1" price="100" overlay="1" info="用于合成战龙宝剑的装备碎片，收集25个碎片可以合成。" fusionNum="25" fusionId="200033"/>
	<item id="120034" name="战龙战靴碎片" icon="120034" type="4" career="0" useLv="1" price="100" overlay="1" info="用于合成战龙战靴的装备碎片，收集25个碎片可以合成。" fusionNum="25" fusionId="200034"/>
	<item id="120035" name="战龙头盔碎片" icon="120035" type="4" career="0" useLv="1" price="100" overlay="1" info="用于合成战龙头盔的装备碎片，收集25个碎片可以合成。" fusionNum="25" fusionId="200035"/>
	<item id="120036" name="战龙铠甲碎片" icon="120036" type="4" career="0" useLv="1" price="100" overlay="1" info="用于合成战龙铠甲的装备碎片，收集25个碎片可以合成。" fusionNum="25" fusionId="200036"/>
	

	<item id="120037" name="天凰羽扇碎片" icon="120037" type="4" career="0" useLv="1" price="100" overlay="1" info="用于合成天凰羽扇的装备碎片，收集25个碎片可以合成。" fusionNum="25" fusionId="200037"/>
	<item id="120038" name="天凰战靴碎片" icon="120038" type="4" career="0" useLv="1" price="100" overlay="1" info="用于合成天凰战靴的装备碎片，收集25个碎片可以合成。" fusionNum="25" fusionId="200038"/>
	<item id="120039" name="天凰头巾碎片" icon="120039" type="4" career="0" useLv="1" price="100" overlay="1" info="用于合成天凰头巾的装备碎片，收集25个碎片可以合成。" fusionNum="25" fusionId="200039"/>
	<item id="120040" name="天凰羽衣碎片" icon="120040" type="4" career="0" useLv="1" price="100" overlay="1" info="用于合成天凰羽衣的装备碎片，收集25个碎片可以合成。" fusionNum="25" fusionId="200040"/>


	<item id="120041" name="盘龙圣剑碎片" icon="120041" type="4" career="0" useLv="1" price="100" overlay="1" info="用于合成盘龙圣剑的装备碎片，收集50个碎片可以合成。" fusionNum="50" fusionId="200041"/>
	<item id="120042" name="盘龙战靴碎片" icon="120042" type="4" career="0" useLv="1" price="100" overlay="1" info="用于合成盘龙战靴的装备碎片，收集50个碎片可以合成。" fusionNum="50" fusionId="200042"/>
	<item id="120043" name="盘龙头盔碎片" icon="120043" type="4" career="0" useLv="1" price="100" overlay="1" info="用于合成盘龙头盔的装备碎片，收集50个碎片可以合成。" fusionNum="50" fusionId="200043"/>
	<item id="120044" name="盘龙圣甲碎片" icon="120044" type="4" career="0" useLv="1" price="100" overlay="1" info="用于合成盘龙圣甲的装备碎片，收集50个碎片可以合成。" fusionNum="50" fusionId="200044"/>



	
	<!-- 宝物碎片 -->
	<item id="140000" name="青玉吊坠碎片" icon="140000" type="4" career="0" useLv="1" price="100" overlay="1" info="用于合成青玉吊坠的宝物碎片，收集5个碎片可以合成。" fusionNum="5" fusionId="300000"/>
	<item id="140001" name="孙膑兵法碎片" icon="140001" type="4" career="0" useLv="1" price="100" overlay="1" info="用于合成孙膑兵法的宝物碎片，收集5个碎片可以合成。" fusionNum="5" fusionId="400000"/>
	<item id="140002" name="天蓝吊坠碎片" icon="140002" type="4" career="0" useLv="1" price="100" overlay="1" info="用于合成天蓝吊坠的宝物碎片，收集10个碎片可以合成。" fusionNum="10" fusionId="300001"/>
	<item id="140003" name="三略六韬碎片" icon="140003" type="4" career="0" useLv="1" price="100" overlay="1" info="用于合成三略六韬的宝物碎片，收集10个碎片可以合成。" fusionNum="10" fusionId="400001"/>
	<item id="140004" name="紫晶吊坠碎片" icon="140004" type="4" career="0" useLv="1" price="100" overlay="1" info="用于合成紫晶吊坠的宝物碎片，收集20个碎片可以合成。" fusionNum="20" fusionId="300002"/>
	<item id="140005" name="司马法碎片" icon="140005" type="4" career="0" useLv="1" price="100" overlay="1" info="用于合成司马法的宝物碎片，收集20个碎片可以合成。" fusionNum="20" fusionId="400002"/>
	<item id="140006" name="星空吊坠碎片" icon="140006" type="4" career="0" useLv="1" price="100" overlay="1" info="用于合成星空吊坠的宝物碎片，收集25个碎片可以合成。" fusionNum="25" fusionId="300003"/>
	<item id="140007" name="青囊书碎片" icon="140007" type="4" career="0" useLv="1" price="100" overlay="1" info="用于合成青囊书的宝物碎片，收集25个碎片可以合成。" fusionNum="25" fusionId="400003"/>
	
	<item id="140008" name="盘龙宝戒碎片" icon="140008" type="4" career="0" useLv="1" price="100" overlay="1" info="用于合成星空吊坠的宝物碎片，收集25个碎片可以合成。" fusionNum="25" fusionId="300004"/>
	<item id="140009" name="盘龙圣典碎片" icon="140009" type="4" career="0" useLv="1" price="100" overlay="1" info="用于合成青囊书的宝物碎片，收集25个碎片可以合成。" fusionNum="25" fusionId="400004"/>
		

	<!-- 武将卡 -->
	<item id="160000" name="刘备武将卡" icon="160000" type="1" career="0" useLv="1" price="100" overlay="1" info="召唤武将的卡片，使用后获得SR武将【刘备】。" attr="27,10000"/>
	<item id="160001" name="关羽武将卡" icon="160001" type="1" career="0" useLv="1" price="100" overlay="1" info="召唤武将的卡片，使用后获得SR武将【关羽】。" attr="27,10001"/>
	<item id="160002" name="张飞武将卡" icon="160002" type="1" career="0" useLv="1" price="100" overlay="1" info="召唤武将的卡片，使用后获得SR武将【张飞】。" attr="27,10002"/>
	<item id="160003" name="吕布武将卡" icon="160003" type="1" career="0" useLv="1" price="100" overlay="1" info="召唤武将的卡片，使用后获得SSR武将【吕布】。" attr="27,10003"/>
	<item id="160004" name="张角武将卡" icon="160004" type="1" career="0" useLv="1" price="100" overlay="1" info="召唤武将的卡片，使用后获得SR武将【张角】。" attr="27,10004"/>
	<item id="160005" name="董卓武将卡" icon="160005" type="1" career="0" useLv="1" price="100" overlay="1" info="召唤武将的卡片，使用后获得SR武将【董卓】。" attr="27,10005"/>
	<item id="160006" name="曹操武将卡" icon="160006" type="1" career="0" useLv="1" price="100" overlay="1" info="召唤武将的卡片，使用后获得SR武将【曹操】。" attr="27,10006"/>
	<item id="160007" name="典韦武将卡" icon="160007" type="1" career="0" useLv="1" price="100" overlay="1" info="召唤武将的卡片，使用后获得SR武将【典韦】。" attr="27,10007"/>
	<item id="160008" name="夏侯惇武将卡" icon="160008" type="1" career="0" useLv="1" price="100" overlay="1" info="召唤武将的卡片，使用后获得SR武将【夏侯惇】。" attr="27,10008"/>
	<item id="160009" name="陈宫武将卡" icon="160009" type="1" career="0" useLv="1" price="100" overlay="1" info="召唤武将的卡片，使用后获得A武将【陈宫】。" attr="27,10009"/>
	<item id="160010" name="华雄武将卡" icon="160010" type="1" career="0" useLv="1" price="100" overlay="1" info="召唤武将的卡片，使用后获得S武将【华雄】。" attr="27,10010"/>
	<item id="160011" name="太史慈武将卡" icon="160011" type="1" career="0" useLv="1" price="100" overlay="1" info="召唤武将的卡片，使用后获得SR武将【太史慈】。" attr="27,10011"/>
	<item id="160012" name="孙坚武将卡" icon="160012" type="1" career="0" useLv="1" price="100" overlay="1" info="召唤武将的卡片，使用后获得SR武将【孙坚】。" attr="27,10012"/>
	<item id="160013" name="孙策武将卡" icon="160013" type="1" career="0" useLv="1" price="100" overlay="1" info="召唤武将的卡片，使用后获得SSR武将【孙策】。" attr="27,10013"/>
	<item id="160014" name="程远志武将卡" icon="160014" type="1" career="0" useLv="1" price="100" overlay="1" info="召唤武将的卡片，使用后获得B武将【程远志】。" attr="27,10014"/>
	<item id="160015" name="张宝武将卡" icon="160015" type="1" career="0" useLv="1" price="100" overlay="1" info="召唤武将的卡片，使用后获得B武将【张宝】。" attr="27,10015"/>
	<item id="160016" name="张梁武将卡" icon="160016" type="1" career="0" useLv="1" price="100" overlay="1" info="召唤武将的卡片，使用后获得B武将【张梁】。" attr="27,10016"/>
	<item id="160017" name="高顺武将卡" icon="160017" type="1" career="0" useLv="1" price="100" overlay="1" info="召唤武将的卡片，使用后获得A武将【高顺】。" attr="27,10017"/>
	<item id="160018" name="郭汜武将卡" icon="160018" type="1" career="0" useLv="1" price="100" overlay="1" info="召唤武将的卡片，使用后获得A武将【郭汜】。" attr="27,10018"/>
	<item id="160019" name="李傕武将卡" icon="160019" type="1" career="0" useLv="1" price="100" overlay="1" info="召唤武将的卡片，使用后获得A武将【李傕】。" attr="27,10019"/>
	<item id="160020" name="臧霸武将卡" icon="160020" type="1" career="0" useLv="1" price="100" overlay="1" info="召唤武将的卡片，使用后获得A武将【臧霸】。" attr="27,10020"/>
	<item id="160021" name="张辽武将卡" icon="160021" type="1" career="0" useLv="1" price="100" overlay="1" info="召唤武将的卡片，使用后获得SR武将【张辽】。" attr="27,10021"/>
	<item id="160022" name="曹仁武将卡" icon="160022" type="1" career="0" useLv="1" price="100" overlay="1" info="召唤武将的卡片，使用后获得SR武将【曹仁】。" attr="27,10022"/>
	<item id="160023" name="沮授武将卡" icon="160023" type="1" career="0" useLv="1" price="100" overlay="1" info="召唤武将的卡片，使用后获得A武将【沮授】。" attr="27,10023"/>
	<item id="160024" name="鲁肃武将卡" icon="160024" type="1" career="0" useLv="1" price="100" overlay="1" info="召唤武将的卡片，使用后获得SR武将【鲁肃】。" attr="27,10024"/>
	<item id="160025" name="辛宪英武将卡" icon="160025" type="1" career="0" useLv="1" price="100" overlay="1" info="召唤武将的卡片，使用后获得S武将【辛宪英】。" attr="27,10025"/>
	<item id="160026" name="文丑武将卡" icon="160026" type="1" career="0" useLv="1" price="100" overlay="1" info="召唤武将的卡片，使用后获得S武将【文丑】。" attr="27,10026"/>
	<item id="160027" name="夏侯渊武将卡" icon="160027" type="1" career="0" useLv="1" price="100" overlay="1" info="召唤武将的卡片，使用后获得S武将【夏侯渊】。" attr="27,10027"/>
	<item id="160028" name="许褚武将卡" icon="160028" type="1" career="0" useLv="1" price="100" overlay="1" info="召唤武将的卡片，使用后获得SR武将【许褚】。" attr="27,10028"/>
	<item id="160029" name="颜良武将卡" icon="160029" type="1" career="0" useLv="1" price="100" overlay="1" info="召唤武将的卡片，使用后获得S武将【颜良】。" attr="27,10029"/>
	<item id="160030" name="袁绍武将卡" icon="160030" type="1" career="0" useLv="1" price="100" overlay="1" info="召唤武将的卡片，使用后获得S武将【袁绍】。" attr="27,10030"/>
	<item id="160031" name="张颌武将卡" icon="160031" type="1" career="0" useLv="1" price="100" overlay="1" info="召唤武将的卡片，使用后获得SR武将【张颌】。" attr="27,10031"/>
	<item id="160032" name="甄姬武将卡" icon="160032" type="1" career="0" useLv="1" price="100" overlay="1" info="召唤武将的卡片，使用后获得SR武将【甄姬】。" attr="27,10032"/>
	<item id="160033" name="孙权武将卡" icon="160033" type="1" career="0" useLv="1" price="100" overlay="1" info="召唤武将的卡片，使用后获得SR武将【孙权】。" attr="27,10033"/>
	<item id="160034" name="程普武将卡" icon="160034" type="1" career="0" useLv="1" price="100" overlay="1" info="召唤武将的卡片，使用后获得S武将【程普】。" attr="27,10034"/>
	<item id="160035" name="韩当武将卡" icon="160035" type="1" career="0" useLv="1" price="100" overlay="1" info="召唤武将的卡片，使用后获得S武将【韩当】。" attr="27,10035"/>
	
	<item id="160036" name="孙尚香武将卡" icon="160036" type="1" career="0" useLv="1" price="100" overlay="1" info="召唤武将的卡片，使用后获得SR武将【孙尚香】。" attr="27,10036"/>
	<item id="160037" name="周瑜武将卡" icon="160037" type="1" career="0" useLv="1" price="100" overlay="1" info="召唤武将的卡片，使用后获得SSR武将【周瑜】。" attr="27,10037"/>
	<item id="160038" name="诸葛亮武将卡" icon="160038" type="1" career="0" useLv="1" price="100" overlay="1" info="召唤武将的卡片，使用后获得SSR武将【诸葛亮】。" attr="27,10038"/>
	<item id="160039" name="赵云武将卡" icon="160039" type="1" career="0" useLv="1" price="100" overlay="1" info="召唤武将的卡片，使用后获得SR武将【赵云】。" attr="27,10039"/>
	<item id="160040" name="裴元绍武将卡" icon="160040" type="1" career="0" useLv="1" price="100" overlay="1" info="召唤武将的卡片，使用后获得B武将【裴元绍】。" attr="27,10040"/>
	<item id="160041" name="黄忠武将卡" icon="160041" type="1" career="0" useLv="1" price="100" overlay="1" info="召唤武将的卡片，使用后获得SR武将【黄忠】。" attr="27,10041"/>
	<item id="160042" name="马超武将卡" icon="160042" type="1" career="0" useLv="1" price="100" overlay="1" info="召唤武将的卡片，使用后获得SR武将【马超】。" attr="27,10042"/>
    <item id="160043" name="黄盖武将卡" icon="160043" type="1" career="0" useLv="1" price="100" overlay="1" info="召唤武将的卡片，使用后获得S武将【黄盖】。" attr="27,10043"/>
    <item id="160044" name="小乔武将卡" icon="160044" type="1" career="0" useLv="1" price="100" overlay="1" info="召唤武将的卡片，使用后获得SSR武将【小乔】。" attr="27,10044"/>	
	
	
	<item id="169999" name="包大人" icon="169999" type="1" career="0" useLv="1" price="100" overlay="1" info="召唤武将的卡片，使用后获得A武将【包大人】，包大人可提供升级经验。" attr="27,19999"/>


	<!-- 武将碎片 -->
	
	<item id="170000" name="吕布武将碎片" icon="170000" type="3" career="0" useLv="1" price="100" overlay="1" info="合成武将的碎片，收集80个可以召唤SSR【吕布】。" fusionNum="80" fusionId="160003"/>
	<item id="170001" name="孙策武将碎片" icon="170001" type="3" career="0" useLv="1" price="100" overlay="1" info="合成武将的碎片，收集80个可以召唤SSR【孙策】" fusionNum="80" fusionId="160013"/>
	<item id="170002" name="刘备武将碎片" icon="170002" type="3" career="0" useLv="1" price="100" overlay="1" info="合成武将的碎片，收集50个可以召唤SR【刘备】" fusionNum="50" fusionId="160000"/>
	<item id="170003" name="关羽武将碎片" icon="170003" type="3" career="0" useLv="1" price="100" overlay="1" info="合成武将的碎片，收集50个可以召唤SR【关羽】" fusionNum="50" fusionId="160001"/>
	<item id="170004" name="张飞武将碎片" icon="170004" type="3" career="0" useLv="1" price="100" overlay="1" info="合成武将的碎片，收集50个可以召唤SR【张飞】" fusionNum="50" fusionId="160002"/>
	<item id="170005" name="张角武将碎片" icon="170005" type="3" career="0" useLv="1" price="100" overlay="1" info="合成武将的碎片，收集50个可以召唤SR【张角】" fusionNum="50" fusionId="160004"/>
	<item id="170006" name="董卓武将碎片" icon="170006" type="3" career="0" useLv="1" price="100" overlay="1" info="合成武将的碎片，收集50个可以召唤SR【董卓】" fusionNum="50" fusionId="160005"/>
	<item id="170007" name="曹操武将碎片" icon="170007" type="3" career="0" useLv="1" price="100" overlay="1" info="合成武将的碎片，收集50个可以召唤SR【曹操】" fusionNum="50" fusionId="160006"/>
	<item id="170008" name="典韦武将碎片" icon="170008" type="3" career="0" useLv="1" price="100" overlay="1" info="合成武将的碎片，收集50个可以召唤SR【典韦】" fusionNum="50" fusionId="160007"/>
	<item id="170009" name="夏侯惇武将碎片" icon="170009" type="3" career="0" useLv="1" price="100" overlay="1" info="合成武将的碎片，收集50个可以召唤SR【夏侯惇】" fusionNum="50" fusionId="160008"/>
	<item id="170010" name="太史慈武将碎片" icon="170010" type="3" career="0" useLv="1" price="100" overlay="1" info="合成武将的碎片，收集50个可以召唤SR【太史慈】" fusionNum="50" fusionId="160011"/>
	<item id="170011" name="孙坚武将碎片" icon="170011" type="3" career="0" useLv="1" price="100" overlay="1" info="合成武将的碎片，收集50个可以召唤SR【孙坚】" fusionNum="50" fusionId="160012"/>
	<item id="170012" name="张辽武将碎片" icon="170012" type="3" career="0" useLv="1" price="100" overlay="1" info="合成武将的碎片，收集50个可以召唤SR【张辽】" fusionNum="50" fusionId="160021"/>
	<item id="170013" name="曹仁武将碎片" icon="170013" type="3" career="0" useLv="1" price="100" overlay="1" info="合成武将的碎片，收集50个可以召唤SR【曹仁】" fusionNum="50" fusionId="160022"/>
	<item id="170014" name="鲁肃武将碎片" icon="170014" type="3" career="0" useLv="1" price="100" overlay="1" info="合成武将的碎片，收集50个可以召唤SR【鲁肃】" fusionNum="50" fusionId="160024"/>
	<item id="170015" name="许褚武将碎片" icon="170015" type="3" career="0" useLv="1" price="100" overlay="1" info="合成武将的碎片，收集50个可以召唤SR【许褚】" fusionNum="50" fusionId="160028"/>
	<item id="170016" name="张颌武将碎片" icon="170016" type="3" career="0" useLv="1" price="100" overlay="1" info="合成武将的碎片，收集50个可以召唤SR【张颌】" fusionNum="50" fusionId="160031"/>
	<item id="170017" name="甄姬武将碎片" icon="170017" type="3" career="0" useLv="1" price="100" overlay="1" info="合成武将的碎片，收集50个可以召唤SR【甄姬】" fusionNum="50" fusionId="160032"/>
	<item id="170018" name="孙权武将碎片" icon="170018" type="3" career="0" useLv="1" price="100" overlay="1" info="合成武将的碎片，收集50个可以召唤SR【孙权】" fusionNum="50" fusionId="160033"/>
	<item id="170019" name="孙尚香武将碎片" icon="170019" type="3" career="0" useLv="1" price="100" overlay="1" info="合成武将的碎片，收集50个可以召唤SR【孙尚香】" fusionNum="50" fusionId="160036"/>
	<item id="170020" name="周瑜武将碎片" icon="170020" type="3" career="0" useLv="1" price="100" overlay="1" info="合成武将的碎片，收集80个可以召唤SSR【周瑜】" fusionNum="80" fusionId="160037"/>
	<item id="170021" name="诸葛亮武将碎片" icon="170021" type="3" career="0" useLv="1" price="100" overlay="1" info="合成武将的碎片，收集80个可以召唤SSR【诸葛亮】" fusionNum="80" fusionId="160038"/>
	<item id="170022" name="赵云武将碎片" icon="170022" type="3" career="0" useLv="1" price="100" overlay="1" info="合成武将的碎片，收集50个可以召唤SR【赵云】" fusionNum="50" fusionId="160039"/>
	<item id="170023" name="黄忠武将碎片" icon="170023" type="3" career="0" useLv="1" price="100" overlay="1" info="合成武将的碎片，收集50个可以召唤SR【黄忠】" fusionNum="50" fusionId="160041"/>
	<item id="170024" name="马超武将碎片" icon="170024" type="3" career="0" useLv="1" price="100" overlay="1" info="合成武将的碎片，收集50个可以召唤SR【马超】" fusionNum="50" fusionId="160042"/>
	<item id="170025" name="小乔武将碎片" icon="170025" type="3" career="0" useLv="1" price="100" overlay="1" info="合成武将的碎片，收集80个可以召唤SSR【小乔】" fusionNum="80" fusionId="160044"/>	

	<!-- 战役宝箱 -->
	<item id="2000000" name="青铜宝箱" icon="102000" type="1" career="0" useLv="1" price="100" overlay="1" attr="100006,1|100001,1|100003,10" info="青铜礼包，战役达到8星可领取，礼包物品：中钱袋X1、小粮草X1、强化石X10。"/>
	<item id="2000001" name="白银宝箱" icon="102000" type="1" career="0" useLv="10" price="100" overlay="1" attr="100006,2|100001,2|100003,20|100008,1" info="白银礼包，战役达到16星可领取，礼包物品：中钱袋X2、小粮草X2、强化石X20、普通英雄帖X1"/>
	<item id="2000002" name="黄金宝箱" icon="102000" type="1" career="0" useLv="20" price="100" overlay="1" attr="100006,3|100001,3|100003,30|100009,1" info="黄金礼包，战役达到24星可领取，礼包物品：中钱袋X3、小粮草X3、强化石X30、精英英雄帖X1"/>

	<item id="2000003" name="青铜宝箱" icon="102000" type="1" career="0" useLv="1" price="100" overlay="1" attr="100006,1|100001,1|100003,10" info="青铜礼包，战役达到8星可领取，礼包物品：中钱袋X1、小粮草X1、强化石X10。"/>
	<item id="2000004" name="白银宝箱" icon="102000" type="1" career="0" useLv="10" price="100" overlay="1" attr="100006,2|100001,2|100003,20|100008,1" info="白银礼包，战役达到16星可领取，礼包物品：中钱袋X2、小粮草X2、强化石X20、普通英雄帖X1"/>
	<item id="2000005" name="黄金宝箱" icon="102000" type="1" career="0" useLv="20" price="100" overlay="1" attr="100006,3|100001,3|100003,30|100009,1" info="黄金礼包，战役达到24星可领取，礼包物品：中钱袋X3、小粮草X3、强化石X30、精英英雄帖X1"/>

	<item id="2000006" name="青铜宝箱" icon="102000" type="1" career="0" useLv="1" price="100" overlay="1" attr="100006,2|100001,2|100003,15" info="青铜礼包，战役达到8星可领取，礼包物品：中钱袋X2、小粮草X2、强化石X15"/>
	<item id="2000007" name="白银宝箱" icon="102000" type="1" career="0" useLv="10" price="100" overlay="1" attr="100006,4|100001,4|100003,25|100008,2" info="白银礼包，战役达到16星可领取，礼包物品：中钱袋X4、小粮草X4、强化石X25、普通英雄帖X2"/>
	<item id="2000008" name="黄金宝箱" icon="102000" type="1" career="0" useLv="20" price="100" overlay="1" attr="100006,6|100001,6|100003,35|100009,2" info="黄金礼包，战役达到24星可领取，礼包物品：中钱袋X6、小粮草X6、强化石X35、精英英雄帖X2"/>

	<item id="2000009" name="青铜宝箱" icon="102000" type="1" career="0" useLv="1" price="100" overlay="1" attr="100006,2|100001,2|100003,15" info="青铜礼包，战役达到8星可领取，礼包物品：中钱袋X2、小粮草X2、强化石X15"/>
	<item id="2000010" name="白银宝箱" icon="102000" type="1" career="0" useLv="10" price="100" overlay="1" attr="100006,4|100001,4|100003,25|100008,2" info="白银礼包，战役达到16星可领取，礼包物品：中钱袋X4、小粮草X4、强化石X25、普通英雄帖X2"/>
	<item id="2000011" name="黄金宝箱" icon="102000" type="1" career="0" useLv="20" price="100" overlay="1" attr="100006,6|100001,6|100003,35|100009,2" info="黄金礼包，战役达到24星可领取，礼包物品：中钱袋X6、小粮草X6、强化石X35、精英英雄帖X2"/>

	<item id="2000012" name="青铜宝箱" icon="102000" type="1" career="0" useLv="1" price="100" overlay="1" attr="100006,2|100001,2|100003,20" info="青铜礼包，战役达到8星可领取，礼包物品：中钱袋X2、小粮草X2、强化石X20。"/>
	<item id="2000013" name="白银宝箱" icon="102000" type="1" career="0" useLv="10" price="100" overlay="1" attr="100006,4|100001,4|100003,30|100008,3" info="白银礼包，战役达到16星可领取，礼包物品：中钱袋X4、小粮草X4、强化石X30、普通英雄帖X3"/>
	<item id="2000014" name="黄金宝箱" icon="102000" type="1" career="0" useLv="20" price="100" overlay="1" attr="100006,6|100001,6|100003,40|100009,3" info="黄金礼包，战役达到24星可领取，礼包物品：中钱袋X6、小粮草X6、强化石X40、精英英雄帖X3"/>

	<item id="2000015" name="青铜宝箱" icon="102000" type="1" career="0" useLv="1" price="100" overlay="1" attr="100006,2|100001,2|100003,20" info="青铜礼包，战役达到8星可领取，礼包物品：中钱袋X2、小粮草X2、强化石X20。"/>
	<item id="2000016" name="白银宝箱" icon="102000" type="1" career="0" useLv="10" price="100" overlay="1" attr="100006,4|100001,4|100003,30|100008,3" info="白银礼包，战役达到16星可领取，礼包物品：中钱袋X4、小粮草X4、强化石X30、普通英雄帖X3"/>
	<item id="2000017" name="黄金宝箱" icon="102000" type="1" career="0" useLv="20" price="100" overlay="1" attr="100006,6|100001,6|100003,40|100009,3" info="黄金礼包，战役达到24星可领取，礼包物品：中钱袋X6、小粮草X6、强化石X40、精英英雄帖X3"/>

	<item id="2000018" name="青铜宝箱" icon="102000" type="1" career="0" useLv="1" price="100" overlay="1" attr="100006,2|100001,2|100003,20" info="青铜礼包，战役达到8星可领取，礼包物品：中钱袋X2、小粮草X2、强化石X20。"/>
	<item id="2000019" name="白银宝箱" icon="102000" type="1" career="0" useLv="10" price="100" overlay="1" attr="100006,4|100001,4|100003,30|100008,3" info="白银礼包，战役达到16星可领取，礼包物品：中钱袋X4、小粮草X4、强化石X30、普通英雄帖X3"/>
	<item id="2000020" name="黄金宝箱" icon="102000" type="1" career="0" useLv="20" price="100" overlay="1" attr="100006,6|100001,6|100003,40|100009,3" info="黄金礼包，战役达到24星可领取，礼包物品：中钱袋X6、小粮草X6、强化石X40、精英英雄帖X3"/>

	<item id="2000021" name="青铜宝箱" icon="102000" type="1" career="0" useLv="1" price="100" overlay="1" attr="100006,2|100001,2|100003,20" info="青铜礼包，战役达到8星可领取，礼包物品：中钱袋X2、小粮草X2、强化石X20。"/>
	<item id="2000022" name="白银宝箱" icon="102000" type="1" career="0" useLv="10" price="100" overlay="1" attr="100006,4|100001,4|100003,30|100008,3" info="白银礼包，战役达到16星可领取，礼包物品：中钱袋X4、小粮草X4、强化石X30、普通英雄帖X3"/>
	<item id="2000023" name="黄金宝箱" icon="102000" type="1" career="0" useLv="20" price="100" overlay="1" attr="100006,6|100001,6|100003,40|100009,3" info="黄金礼包，战役达到24星可领取，礼包物品：中钱袋X6、小粮草X6、强化石X40、精英英雄帖X3"/>

	<item id="2000024" name="青铜宝箱" icon="102000" type="1" career="0" useLv="1" price="100" overlay="1" attr="100006,2|100001,2|100003,20" info="青铜礼包，战役达到8星可领取，礼包物品：中钱袋X2、小粮草X2、强化石X20。"/>
	<item id="2000025" name="白银宝箱" icon="102000" type="1" career="0" useLv="10" price="100" overlay="1" attr="100006,4|100001,4|100003,30|100008,3" info="白银礼包，战役达到16星可领取，礼包物品：中钱袋X4、小粮草X4、强化石X30、普通英雄帖X3"/>
	<item id="2000026" name="黄金宝箱" icon="102000" type="1" career="0" useLv="20" price="100" overlay="1" attr="100006,6|100001,6|100003,40|100009,3" info="黄金礼包，战役达到24星可领取，礼包物品：中钱袋X6、小粮草X6、强化石X40、精英英雄帖X3"/>	

	<item id="2000027" name="青铜宝箱" icon="102000" type="1" career="0" useLv="1" price="100" overlay="1" attr="100006,2|100001,2|100003,20" info="青铜礼包，战役达到8星可领取，礼包物品：中钱袋X2、小粮草X2、强化石X20。"/>
	<item id="2000028" name="白银宝箱" icon="102000" type="1" career="0" useLv="10" price="100" overlay="1" attr="100006,4|100001,4|100003,30|100008,3" info="白银礼包，战役达到16星可领取，礼包物品：中钱袋X4、小粮草X4、强化石X30、普通英雄帖X3"/>
	<item id="2000029" name="黄金宝箱" icon="102000" type="1" career="0" useLv="20" price="100" overlay="1" attr="100006,6|100001,6|100003,40|100009,3" info="黄金礼包，战役达到24星可领取，礼包物品：中钱袋X6、小粮草X6、强化石X40、精英英雄帖X3"/>	

	<!-- 七天登录礼包 -->	
	<item id="130001" name="强化石" icon="130001" type="1" career="0" useLv="1" price="100" overlay="1" info="七天登录图标" attr="200009,1|100009,1|100003,10|100005,1"/>
	<item id="130002" name="S武将" icon="130002" type="1" career="0" useLv="1" price="100" overlay="1" info="七天登录图标" attr="160026,1|100015,2|100005,2|100001,1"/>
	<item id="130003" name="蓝色装备" icon="130003" type="1" career="0" useLv="1" price="100" overlay="1" info="七天登录图标" attr="200020,1|100003,20|100006,1|100001,2"/>
	<item id="130004" name="高级召唤" icon="130004" type="1" career="0" useLv="1" price="100" overlay="1" info="七天登录图标" attr="100010,1|100015,4|100006,2|100001,2"/>
	<item id="130005" name="紫色装备" icon="130005" type="1" career="0" useLv="1" price="100" overlay="1" info="七天登录图标" attr="200027,1|100003,30|100006,3|100001,3"/>
	<item id="130006" name="橙色装备" icon="130006" type="1" career="0" useLv="1" price="100" overlay="1" info="七天登录图标" attr="200037,1|100008,3|100006,4|100001,3"/>
	<item id="130007" name="SR武将" icon="130007" type="1" career="0" useLv="1" price="100" overlay="1" info="七天登录图标" attr="160001,1|100003,30|100009,2|100007,3|100002,3"/>

	
	<!-- 累计签到礼包 -->
	<item id="131001" name="签到2日礼包" icon="9100019" type="1" career="0" useLv="1" price="100" overlay="1" info="签到满5天即可领取：扫荡令X10个、传说英雄帖*2个、大钱袋*2个。	" attr="101000,10|100010,2|100007,2"/>
	<item id="131002" name="签到5日礼包" icon="9100019" type="1" career="0" useLv="1" price="100" overlay="1" info="签到满5天即可领取：扫荡令X10个、传说英雄帖*2个、大钱袋*2个。	" attr="101000,10|100010,2|100007,2"/>
	<item id="131003" name="签到10日礼包" icon="9100019" type="1" career="0" useLv="1" price="100" overlay="1" info="签到满5天即可领取：扫荡令X10个、传说英雄帖*2个、大钱袋*2个。	" attr="101000,10|100010,2|100007,2"/>
	<item id="131004" name="签到20日礼包" icon="9100019" type="1" career="0" useLv="1" price="100" overlay="1" info="签到满5天即可领取：扫荡令X10个、传说英雄帖*2个、大钱袋*2个。	" attr="101000,10|100010,2|100007,2"/>
	<item id="131005" name="全勤礼包" icon="9100020" type="1" career="0" useLv="1" price="100" overlay="1" info="签到满5天即可领取：扫荡令X10个、传说英雄帖*2个、大钱袋*2个。	" attr="101000,10|100010,2|100007,2"/>	
	
	<!-- 节日礼包 -->
	<item id="151001" name="七夕节日礼包" icon="130001" type="1" career="0" useLv="1" price="100" overlay="1" info="七夕节日礼包" attr="100010,1|101001,2|101000,10|100007,2"/>
	
	
	<item id="150001" name="活跃礼包一" icon="102000" type="1" career="0" useLv="1" price="100" overlay="1" info="日活跃达到20点可领取，打开后获得强化石*5，扫荡令*1" attr="100003,5|101000,1"/>
	<item id="150002" name="活跃礼包二" icon="102000" type="1" career="0" useLv="1" price="100" overlay="1" info="日活跃达到40点可领取，打开后获得强化石*10，扫荡令*2" attr="100003,10|101000,2"/>
	<item id="150003" name="活跃礼包三" icon="102000" type="1" career="0" useLv="1" price="100" overlay="1" info="日活跃达到60点可领取，打开后获得强化石*15，扫荡令*2" attr="100003,15|101000,2"/>
	<item id="150004" name="活跃礼包四" icon="102000" type="1" career="0" useLv="1" price="100" overlay="1" info="日活跃达到80点可领取，打开后获得强化石*20，小粮草*1，普通英雄帖*1" attr="100003,20|100001,1|100008,1"/>
	<item id="150005" name="活跃礼包五" icon="102000" type="1" career="0" useLv="1" price="100" overlay="1" info="日活跃达到100点可领取，打开后获得中钱袋*1，大粮草*1，精英英雄帖*1" attr="100006,1|100002,1|100009,1"/>
	<item id="150006" name="黄金礼包" icon="102000" type="1" career="0" useLv="1" price="100" overlay="1" info="周活跃达到300点可领取，打开后获得中钱袋*2，精英英雄帖*1，扫荡令*5" attr="100005,2|100009,1|101000,5"/>
	<item id="150007" name="砖石礼包" icon="102000" type="1" career="0" useLv="1" price="100" overlay="1" info="周活跃达到500点可领取，打开后获得大钱袋*2，传说英雄帖*1，扫荡令*10" attr="100006,2|100010,1|101000,10"/>

	<!-- VIP等级礼包 -->
	<item id="90001" name="VIP1礼包" icon="102000" type="1" career="0" useLv="1" price="100" overlay="1" info="日活跃达到20点可领取，打开后获得强化石*10，小粮草*1，小钱袋*1" attr="200025,1|100005,3|101000,2|100001,1"/>
	<item id="90002" name="VIP2礼包" icon="102000" type="1" career="0" useLv="1" price="100" overlay="1" info="日活跃达到20点可领取，打开后获得强化石*10，小粮草*1，小钱袋*1" attr="200026,1|100005,4|101000,4|100001,2"/>
	<item id="90003" name="VIP3礼包" icon="102000" type="1" career="0" useLv="1" price="100" overlay="1" info="日活跃达到20点可领取，打开后获得强化石*10，小粮草*1，小钱袋*1" attr="160024,1|100005,5|101000,6|100001,3|100015,2"/>
	<item id="90004" name="VIP4礼包" icon="102000" type="1" career="0" useLv="1" price="100" overlay="1" info="日活跃达到20点可领取，打开后获得强化石*10，小粮草*1，小钱袋*1" attr="200027,1|100006,6|101000,8|100002,4|100015,3"/>
	<item id="90005" name="VIP5礼包" icon="102000" type="1" career="0" useLv="1" price="100" overlay="1" info="日活跃达到20点可领取，打开后获得强化石*10，小粮草*1，小钱袋*1" attr="200028,1|100006,7|101000,10|100002,5|100015,4"/>
	<item id="90006" name="VIP6礼包" icon="102000" type="1" career="0" useLv="1" price="100" overlay="1" info="日活跃达到20点可领取，打开后获得强化石*10，小粮草*1，小钱袋*1" attr="160006,1|100006,8|101000,12|100002,6|100015,5"/>
	<item id="90007" name="VIP7礼包" icon="102000" type="1" career="0" useLv="1" price="100" overlay="1" info="日活跃达到20点可领取，打开后获得强化石*10，小粮草*1，小钱袋*1" attr="200037,1|100007,9|101000,14|100003,7|100015,6"/>
	<item id="90008" name="VIP8礼包" icon="102000" type="1" career="0" useLv="1" price="100" overlay="1" info="日活跃达到20点可领取，打开后获得强化石*10，小粮草*1，小钱袋*1" attr="200038,1|100007,10|101000,16|100003,8|100015,7"/>
	<item id="90009" name="VIP9礼包" icon="102000" type="1" career="0" useLv="1" price="100" overlay="1" info="日活跃达到20点可领取，打开后获得强化石*10，小粮草*1，小钱袋*1" attr="200039,1|100007,11|101000,18|100003,9|100015,8"/>
	<item id="90010" name="VIP10礼包" icon="102000" type="1" career="0" useLv="1" price="100" overlay="1" info="日活跃达到20点可领取，打开后获得强化石*10，小粮草*1，小钱袋*1" attr="160038,1|100007,12|101000,20|100003,10|100015,9"/>
	<!-- VIP每日礼包 -->
	<item id="91001" name="VIP1礼包" icon="102000" type="1" career="0" useLv="1" price="100" overlay="1" info="日活跃达到20点可领取，打开后获得强化石*10，小粮草*1，小钱袋*1" attr="100003,5|100006,1|101000,2|100009,1
"/>
	<item id="91002" name="VIP2礼包" icon="102000" type="1" career="0" useLv="1" price="100" overlay="1" info="日活跃达到20点可领取，打开后获得强化石*10，小粮草*1，小钱袋*1" attr="100003,10|100006,2|101000,4|100009,2
"/>
	<item id="91003" name="VIP3礼包" icon="102000" type="1" career="0" useLv="1" price="100" overlay="1" info="日活跃达到20点可领取，打开后获得强化石*10，小粮草*1，小钱袋*1" attr="100003,15|100006,3|101000,6|100009,3
"/>
	<item id="91004" name="VIP4礼包" icon="102000" type="1" career="0" useLv="1" price="100" overlay="1" info="日活跃达到20点可领取，打开后获得强化石*10，小粮草*1，小钱袋*1" attr="100003,20|100006,4|101000,8|100010,1
"/>
	<item id="91005" name="VIP5礼包" icon="102000" type="1" career="0" useLv="1" price="100" overlay="1" info="日活跃达到20点可领取，打开后获得强化石*10，小粮草*1，小钱袋*1" attr="100003,25|100006,5|101000,10|100010,1
"/>
	<item id="91006" name="VIP6礼包" icon="102000" type="1" career="0" useLv="1" price="100" overlay="1" info="日活跃达到20点可领取，打开后获得强化石*10，小粮草*1，小钱袋*1" attr="100003,30|100006,6|101000,12|100010,2
"/>
	<item id="91007" name="VIP7礼包" icon="102000" type="1" career="0" useLv="1" price="100" overlay="1" info="日活跃达到20点可领取，打开后获得强化石*10，小粮草*1，小钱袋*1" attr="100003,35|100006,7|101000,14|100010,2
"/>
	<item id="91008" name="VIP8礼包" icon="102000" type="1" career="0" useLv="1" price="100" overlay="1" info="日活跃达到20点可领取，打开后获得强化石*10，小粮草*1，小钱袋*1" attr="100003,40|100006,8|101000,16|100010,3
"/>
	<item id="91009" name="VIP9礼包" icon="102000" type="1" career="0" useLv="1" price="100" overlay="1" info="日活跃达到20点可领取，打开后获得强化石*10，小粮草*1，小钱袋*1" attr="100003,45|100006,9|101000,18|100010,3
"/>
	<item id="91010" name="VIP10礼包" icon="102000" type="1" career="0" useLv="1" price="100" overlay="1" info="日活跃达到20点可领取，打开后获得强化石*10，小粮草*1，小钱袋*1" attr="100003,50|100006,10|101000,20|100010,4
"/>


	<!-- VIP商城礼包 -->
	<item id="92001" name="VIP1折扣礼包" icon="90000" type="1" career="0" useLv="1" price="100" overlay="1" info="超级VIP1折扣礼包打开后可获得：【传说英雄帖*2个、扫荡令*5个、包大人武将卡*5个强化石*50个。】" attr="100010,2|101000,5|169999,5|100003,50"/>
	<item id="92002" name="VIP2折扣礼包" icon="90000" type="1" career="0" useLv="1" price="100" overlay="1" info="超级VIP2折扣礼包打开后可获得：【传说英雄帖*4个、扫荡令*10个、包大人武将卡*10个强化石*60个。】" attr="100010,4|101000,10|169999,10|100003,60"/>
	<item id="92003" name="VIP3折扣礼包" icon="90000" type="1" career="0" useLv="1" price="100" overlay="1" info="超级VIP3折扣礼包打开后可获得：【传说英雄帖*6个、扫荡令*20个、包大人武将卡*15个强化石*70个。】" attr="100010,6|101000,20|169999,15|100003,70"/>
	<item id="92004" name="VIP4折扣礼包" icon="90000" type="1" career="0" useLv="1" price="100" overlay="1" info="超级VIP4折扣礼包打开后可获得：【传说英雄帖*8个、扫荡令*30个、包大人武将卡*20个强化石*80个。】" attr="100010,8|101000,30|169999,20|100003,80"/>
	<item id="92005" name="VIP5折扣礼包" icon="90000" type="1" career="0" useLv="1" price="100" overlay="1" info="超级VIP5折扣礼包打开后可获得：【传说英雄帖*10个、扫荡令*40个、包大人武将卡*25个强化石*90个。】" attr="100010,10|101000,40|169999,25|100003,90"/>
	<item id="92006" name="VIP6折扣礼包" icon="90000" type="1" career="0" useLv="1" price="100" overlay="1" info="超级VIP6折扣礼包打开后可获得：【传说英雄帖*15个、扫荡令*50个、包大人武将卡*30个强化石*100个。】" attr="100010,15|101000,50|169999,30|100003,100"/>
	<item id="92007" name="VIP7折扣礼包" icon="90000" type="1" career="0" useLv="1" price="100" overlay="1" info="超级VIP7折扣礼包打开后可获得：【传说英雄帖*20个、扫荡令*60个、包大人武将卡*35个高级强化石*110个。】" attr="100010,20|101000,60|169999,35|100004,110"/>
	<item id="92008" name="VIP8折扣礼包" icon="90000" type="1" career="0" useLv="1" price="100" overlay="1" info="超级VIP8折扣礼包打开后可获得：【传说英雄帖*25个、扫荡令*100个、包大人武将卡*40个高级强化石*120个。】" attr="100010,25|101000,100|169999,40|100004,120"/>
	<item id="92009" name="VIP9折扣礼包" icon="90000" type="1" career="0" useLv="1" price="100" overlay="1" info="超级VIP9折扣礼包打开后可获得：【传说英雄帖*35个、扫荡令*150个、包大人武将卡*45个高级强化石*130个。】" attr="100010,35|101000,150|169999,45|100004,130"/>
	<item id="92010" name="VIP10折扣礼包" icon="90000" type="1" career="0" useLv="1" price="100" overlay="1" info="超级VIP10折扣礼包打开后可获得：【传说英雄帖*60个、扫荡令*200个、包大人武将卡*50个高级强化石*140个。】" attr="100010,60|101000,200|169999,50|100004,140"/>	
	
	
	<!-- 开服礼包 -->
	<item id="95000" name="1988吕布大礼包" icon="90000" type="1" career="0" useLv="1" price="100" overlay="1" info="1988吕布大礼包" attr="160003,1|100003,30|200028,1"/>	
	
	<!-- 加群礼包 -->
	<item id="96000" name="加群礼包" icon="90000" type="1" career="0" useLv="1" price="100" overlay="1" info="单身狗礼包" attr="101001,5|100003,10|101000,5|100010,2"/>	

	<!-- 答题礼包 -->
	<item id="96001" name="答题礼包" icon="90000" type="1" career="0" useLv="1" price="100" overlay="1" info="答题礼包" attr="100098,1|101000,5|100009,1|100007,2|100003,5"/>	
	
	
	<!-- 成长初级基金礼包 -->
	<item id="97001" name="10级礼包" icon="130001" type="1" career="0" useLv="1" price="100" overlay="1" info="黄钻用户特权礼包，主公等级达到10级可领取！" attr="170005,10|100003,5"/>
	<item id="97002" name="20级礼包" icon="130002" type="1" career="0" useLv="1" price="100" overlay="1" info="黄钻用户特权礼包，主公等级达到20级可领取！" attr="170005,10|100003,10"/>
	<item id="97003" name="30级礼包" icon="130003" type="1" career="0" useLv="1" price="100" overlay="1" info="黄钻用户特权礼包，主公等级达到30级可领取！" attr="170005,10|100003,15"/>
	<item id="97004" name="40级礼包" icon="130004" type="1" career="0" useLv="1" price="100" overlay="1" info="黄钻用户特权礼包，主公等级达到40级可领取！" attr="170005,10|100003,20"/>
	<item id="97005" name="50级礼包" icon="130005" type="1" career="0" useLv="1" price="100" overlay="1" info="黄钻用户特权礼包，主公等级达到50级可领取！" attr="170005,10|100003,25"/>
	<item id="97006" name="60级礼包" icon="130006" type="1" career="0" useLv="1" price="100" overlay="1" info="黄钻用户特权礼包，主公等级达到60级可领取！" attr="200033,1|100003,30"/>
	<!-- 成长中级基金礼包 -->
	<item id="97101" name="10级礼包" icon="130001" type="1" career="0" useLv="1" price="100" overlay="1" info="黄钻用户特权礼包，主公等级达到10级可领取！" attr="170024,10|101000,2"/>
	<item id="97102" name="20级礼包" icon="130002" type="1" career="0" useLv="1" price="100" overlay="1" info="黄钻用户特权礼包，主公等级达到20级可领取！" attr="170024,10|101000,4"/>
	<item id="97103" name="30级礼包" icon="130003" type="1" career="0" useLv="1" price="100" overlay="1" info="黄钻用户特权礼包，主公等级达到30级可领取！" attr="170024,10|101000,6"/>
	<item id="97104" name="40级礼包" icon="130004" type="1" career="0" useLv="1" price="100" overlay="1" info="黄钻用户特权礼包，主公等级达到40级可领取！" attr="170024,10|101000,8"/>
	<item id="97105" name="50级礼包" icon="130005" type="1" career="0" useLv="1" price="100" overlay="1" info="黄钻用户特权礼包，主公等级达到50级可领取！" attr="170024,10|101000,10"/>
	<item id="97106" name="60级礼包" icon="130006" type="1" career="0" useLv="1" price="100" overlay="1" info="黄钻用户特权礼包，主公等级达到60级可领取！" attr="200034,1|101000,15"/>
	<!-- 成长高级基金礼包 -->
	<item id="97201" name="10级礼包" icon="130001" type="1" career="0" useLv="1" price="100" overlay="1" info="黄钻用户特权礼包，主公等级达到10级可领取！" attr="170022,10|101000,2"/>
	<item id="97202" name="20级礼包" icon="130002" type="1" career="0" useLv="1" price="100" overlay="1" info="黄钻用户特权礼包，主公等级达到20级可领取！" attr="170022,10|101000,4"/>
	<item id="97203" name="30级礼包" icon="130003" type="1" career="0" useLv="1" price="100" overlay="1" info="黄钻用户特权礼包，主公等级达到30级可领取！" attr="170022,10|101000,6"/>
	<item id="97204" name="40级礼包" icon="130004" type="1" career="0" useLv="1" price="100" overlay="1" info="黄钻用户特权礼包，主公等级达到40级可领取！" attr="170022,10|101000,8"/>
	<item id="97205" name="50级礼包" icon="130005" type="1" career="0" useLv="1" price="100" overlay="1" info="黄钻用户特权礼包，主公等级达到50级可领取！" attr="170022,10|101000,10"/>
	<item id="97206" name="60级礼包" icon="130006" type="1" career="0" useLv="1" price="100" overlay="1" info="黄钻用户特权礼包，主公等级达到60级可领取！" attr="200043,1|101000,15"/>
	
	
	
	
	<!-- 累充礼包 -->
	<item id="220001" name="累充礼包" icon="130001" type="1" career="0" useLv="1" price="100" overlay="1" info="蓝色装备*1，玫瑰*2，扫荡卡*10" attr="200019,1|101001,2|101000,5"/>
	<item id="220002" name="累充礼包" icon="130001" type="1" career="0" useLv="1" price="100" overlay="1" info="周瑜武将碎片*5，紫色装备*1，玫瑰*5，扫荡卡*20" attr="170020,5|200032,1|101001,5|101000,10"/>
	<item id="220003" name="累充礼包" icon="130001" type="1" career="0" useLv="1" price="100" overlay="1" info="周瑜武将碎片*10，橙色装备*1，玫瑰*10，扫荡卡*40" attr="170020,10|200035,1|101001,10|101000,20"/>
	<item id="220004" name="累充礼包" icon="130001" type="1" career="0" useLv="1" price="100" overlay="1" info="周瑜武将碎片*20，橙色宝物*1，玫瑰*15，扫荡卡*50" attr="170020,20|300003,1|101001,15|101000,30"/>
	<item id="220005" name="累充礼包" icon="130001" type="1" career="0" useLv="1" price="100" overlay="1" info="周瑜武将碎片*45，红色饰品*1，玫瑰*20，扫荡卡*80" attr="170020,45|200041,1|101001,20|101000,50"/>
	
	
	<!-- 首充礼包 -->	
	<item id="210001" name="100首充礼包" icon="130001" type="1" career="0" useLv="1" price="100" overlay="1" info="孙尚香武将卡*1，小粮草*5，小银袋*5，扫荡卡*5" attr="160036,1|100001,5|100005,5|101000,5"/>
	<item id="210002" name="380首充礼包" icon="130002" type="1" career="0" useLv="1" price="100" overlay="1" info="橙色武器*1，装备强化石*10，装备精炼石*10，扫荡卡*5" attr="200037,1|100003,10|200021,1|101000,5"/>
	<item id="210003" name="680首充礼包" icon="130003" type="1" career="0" useLv="1" price="100" overlay="1" info="橙色宝物*1，装备强化石*10，装备精炼石*10，扫荡卡*5" attr="400003,1|100003,15|200022,1|101000,5"/>
	<item id="210004" name="880首充礼包" icon="130004" type="1" career="0" useLv="1" price="100" overlay="1" info="孙权武将卡*1，橙色铠甲*1，装备强化石*20，扫荡卡*10" attr="160033,1|100010,1|200040,1|100003,20|101000,10"/>

	
	
	
	<!-- 黄钻礼包 -->	
	<item id="181001" name="10级礼包" icon="130001" type="1" career="0" useLv="1" price="100" overlay="1" info="黄钻用户特权礼包，主公等级达到10级可领取！" attr="100003,10|100006,3|100008,1|101000,2"/>
	<item id="181002" name="20级礼包" icon="130002" type="1" career="0" useLv="1" price="100" overlay="1" info="黄钻用户特权礼包，主公等级达到20级可领取！" attr="100003,15|100006,4|100008,2|101000,4"/>
	<item id="181003" name="30级礼包" icon="130003" type="1" career="0" useLv="1" price="100" overlay="1" info="黄钻用户特权礼包，主公等级达到30级可领取！" attr="100003,20|100006,5|100008,3|101000,6"/>
	<item id="181004" name="40级礼包" icon="130004" type="1" career="0" useLv="1" price="100" overlay="1" info="黄钻用户特权礼包，主公等级达到40级可领取！" attr="100003,25|100006,6|100008,4|101000,8"/>
	<item id="181005" name="50级礼包" icon="130005" type="1" career="0" useLv="1" price="100" overlay="1" info="黄钻用户特权礼包，主公等级达到50级可领取！" attr="100003,30|100006,7|100008,5|101000,10"/>
	<item id="181006" name="60级礼包" icon="130006" type="1" career="0" useLv="1" price="100" overlay="1" info="黄钻用户特权礼包，主公等级达到60级可领取！" attr="100003,35|100006,8|100008,6|101000,12"/>

	<!-- 黄钻新手礼包 -->
	<item id="171001" name="黄钻礼包新手" icon="130007" type="1" career="0" useLv="1" price="100" overlay="1" info="黄砖新手礼包：中钱袋*1，精英英雄帖*1，装备强化石*10" attr="100006,1|100009,2|100007,1|100003,10"/>
	<!-- 黄钻每日礼包 -->
	<item id="172001" name="黄钻每日礼包" icon="130007" type="1" career="0" useLv="1" price="100" overlay="1" info="黄钻每日礼包：扫荡令*5，普通英雄帖*2，装备强化石*5" attr="101000,5|100008,2|100007,3|100003,5"/>
	<!-- 黄钻年费礼包 -->
	<item id="173001" name="黄钻年费礼包" icon="130007" type="1" career="0" useLv="1" price="100" overlay="1" info="年费黄钻礼包：大钱袋*1，传说英雄帖*1，装备强化石*20，紫色装备宝箱*1*" attr="100007,1|100010,1|100003,20|200028,1"/>
	
	<!-- 在线礼包 -->
	<item id="180001" name="5分钟礼包" icon="100001" type="1" career="0" useLv="1" price="100" overlay="1" info="在线5分钟礼包：小钱袋*1，小粮草*1*" attr="100006,2|100001,1|101002,1"/>
	<item id="180002" name="15分钟礼包" icon="101001" type="1" career="0" useLv="1" price="100" overlay="1" info="在线15分钟礼包：小钱袋*1，玫瑰花碎片*1" attr="101001,1|100008,1"/>
	<item id="180003" name="35分钟礼包" icon="100011" type="1" career="0" useLv="1" price="100" overlay="1" info="在线35分钟礼包：中钱袋*1，扫荡卡*2" attr="100007,1|101000,2"/>
	<item id="180004" name="60分钟礼包" icon="170025" type="1" career="0" useLv="1" price="100" overlay="1" info="在线60分钟礼包：小乔武将碎片*1，精英英雄帖*1*" attr="170025,1|100009,1"/>
	
	<!-- PVP每日十杀礼包 -->
	<item id="191001" name="十杀礼包" icon="130007" type="1" career="0" useLv="1" price="100" overlay="1" info="十杀礼包：大粮草*3，大钱袋*2，传说英雄帖*1，装备强化石*20，刘备武将卡*1*" attr="100002,3|100007,2|100010,1|100003,20|101001,6"/>
	<!-- 排行礼包 -->
	<item id="190001" name="排名1礼包" icon="130007" type="1" career="0" useLv="1" price="100" overlay="1" info="排名1礼包：大粮草*3，大钱袋*2，传说英雄帖*1，装备强化石*20，刘备武将卡*1*" attr="100002,3|100007,2|100010,1|100003,20|101001,6"/>
	<item id="190002" name="排名2礼包" icon="130007" type="1" career="0" useLv="1" price="100" overlay="1" info="排名2礼包：大粮草*3，大钱袋*2，传说英雄帖*1，装备强化石*20，刘备武将卡*1*" attr="100002,3|100007,2|100010,1|100003,20"/>
	<item id="190003" name="排名3礼包" icon="130007" type="1" career="0" useLv="1" price="100" overlay="1" info="排名3礼包：大粮草*3，大钱袋*2，传说英雄帖*1，装备强化石*20，刘备武将卡*1*" attr="100002,3|100007,2|100010,1"/>
	<item id="190004" name="排名4~10礼包" icon="130007" type="1" career="0" useLv="1" price="100" overlay="1" info="排名4~10礼包：大粮草*3，大钱袋*2，传说英雄帖*1，装备强化石*20，刘备武将卡*1*" attr="100002,3|100007,2"/>
	<item id="190005" name="排名11~100礼包" icon="130007" type="1" career="0" useLv="1" price="100" overlay="1" info="排名11~100礼包：大粮草*3，大钱袋*2，传说英雄帖*1，装备强化石*20，刘备武将卡*1*" attr="100002,3|100007,2|100010,1"/>
	<item id="190006" name="排名101~200礼包" icon="130007" type="1" career="0" useLv="1" price="100" overlay="1" info="排名101~200礼包：大粮草*3，大钱袋*2，传说英雄帖*1，装备强化石*20，刘备武将卡*1*" attr="100002,3|100007,2|100010,1|100003,20"/>
	<item id="190007" name="排名201~500礼包" icon="130007" type="1" career="0" useLv="1" price="100" overlay="1" info="排名201~500礼包：大粮草*3，大钱袋*2，传说英雄帖*1，装备强化石*20，刘备武将卡*1*" attr="100002,3|100007,2|100010,1"/>
	<item id="190008" name="排名501~1000礼包" icon="130007" type="1" career="0" useLv="1" price="100" overlay="1" info="排名501~1000礼包：大粮草*3，大钱袋*2，传说英雄帖*1，装备强化石*20，刘备武将卡*1*" attr="100002,3|100007,2"/>
	<item id="190009" name="排名1001~99999礼包" icon="130007" type="1" career="0" useLv="1" price="100" overlay="1" info="排名1001~99999礼包：大粮草*3，大钱袋*2，传说英雄帖*1，装备强化石*20，刘备武将卡*1*" attr="100002,3"/>
	<item id="150003" name="引导抽奖礼包" icon="130001" type="1" career="0" useLv="1" price="100" overlay="1" info="引导抽奖礼包" attr="100008,1|100009,1|100010,1"/>
	<!-- GM工具 -->
<!-- 
	<item id="150000" name="召唤卷轴" icon="102000" type="1" career="0" useLv="1" price="100" overlay="1" info="GM测试用，使用后获得全部英雄，【记得删除】" attr="100008,1|100009,1"/>
	<item id="150001" name="全英雄礼包" icon="102000" type="1" career="0" useLv="1" price="100" overlay="1" info="GM测试用，使用后获得全部英雄，【记得删除】" attr="160000,1|160001,1|160002,1|160003,1|160004,1|160005,1|160006,1|160007,1|160008,1|160009,1|160010,1|160011,1|160012,1|160013,1|160014,1|160015,1|160016,1|160017,1|160018,1|160019,1|160020,1|160021,1|160022,1|160023,1|160024,1|160025,1|160026,1|160027,1|160028,1|160029,1|160030,1|160031,1|160032,1|160033,1|160034,1|160035,1|160036,1|160037,1|160038,1|160039,1|160040,1|160041,1|160042,1|169999,1"/>
	<item id="150002" name="全装备礼包" icon="102000" type="1" career="0" useLv="1" price="100" overlay="1" info="GM测试用，使用后获得全部装备，【记得删除】" attr="200001,1|200002,1|200003,1|200004,1|200005,1|200006,1|200007,1|200008,1|200009,1|200010,1|200011,1|200012,1|200013,1|200014,1|200015,1|200016,1|200017,1|200018,1|200019,1|200020,1|200021,1|200022,1|200023,1|200024,1|200025,1|200026,1|200027,1|200028,1|200029,1|200030,1|200031,1|200032,1|200033,1|200034,1|200035,1|200036,1|200037,1|200038,1|200039,1|200040,1|300000,1|300001,1|300002,1|300003,1|400000,1|400001,1|400002,1|400003,1"/>
 -->

</data>