﻿<?xml version="1.0" encoding="UTF-8"?>
<data>
	<!-- <item id="10000"  itemId="礼包ID"  weight=“概率%” sort="排序" num="数量"/>-->
	<item id="10000"  itemId="100005" weight="80" sort="6" num="5" info="小钱袋"/>
	<item id="10001"  itemId="100006" weight="80" sort="11" num="2" info="中钱袋"/>
	<item id="10002"  itemId="100007" weight="80" sort="13" num="2" info="大钱袋"/>
	<item id="10003"  itemId="100003" weight="80" sort="8" num="10" info="强化石头"/>
	<item id="10004"  itemId="101000" weight="80" sort="5" num="1" info="抽奖"/>
	<item id="10005"  itemId="100009" weight="25" sort="4" num="1" info=""/>
	<item id="10006"  itemId="100013" weight="15" sort="7" num="1" info=""/>
	<item id="10007"  itemId="100098" weight="15" sort="3" num="1" info=""/>
	<item id="10008"  itemId="170025" weight="15" sort="10" num="1" info=""/>
	<item id="10009"  itemId="170025" weight="15" sort="2" num="1" info=""/>
	<item id="10010"  itemId="170025" weight="5" sort="12" num="2" info=""/>
	<item id="10011"  itemId="170025" weight="2" sort="9" num="3" info=""/>
	<item id="10012"  itemId="170025" weight="2" sort="1" num="4" info=""/>
	<item id="10013"  itemId="170025" weight="1" sort="14" num="20" info=""/>
</data>